{
    "setting": {
        "ignoreUploadUnusedFiles": false,
        "minified": true,
        "postcss": true,
        "enhance": true,
        "es6": true,
        "compileWorklet": false,
        "uglifyFileName": false,
        "uploadWithSourceMap": true,
        "packNpmManually": false,
        "packNpmRelationList": [],
        "minifyWXSS": true,
        "minifyWXML": true,
        "localPlugins": false,
        "disableUseStrict": false,
        "useCompilerPlugins": false,
        "condition": false,
        "swc": false,
        "disableSWC": true,
        "babelSetting": {
            "ignore": [],
            "disablePlugins": [],
            "outputPath": ""
        }
    },
    "libVersion": "3.9.2",
    "compileType": "miniprogram",
    "simulatorPluginLibVersion": {},
    "packOptions": {
        "ignore": [],
        "include": []
    },
    "editorSetting": {
        "tabIndent": "insertSpaces",
        "tabSize": 4
    },
    "appid": "wx9418d2a4a201d2b9"
}